,Call  Failure,Complains,Subscription  Length,Charge  Amount,Seconds of Use,Frequency of use,Frequency of SMS,Distinct Called Numbers,Age Group,Tariff Plan,Status,Age,Customer Value,Churn
6,4,0,38,0,2360,39,285,18,3,1,1,30,1235.96,0
10,6,0,38,0,5918,95,7,12,3,1,1,30,268.52,0
14,9,0,37,0,15485,182,150,30,2,1,1,25,1380.015,0
16,0,0,37,0,875,14,0,11,2,1,2,25,40.005,1
18,0,0,37,0,0,0,0,0,2,1,2,25,0.0,1
22,23,1,33,0,955,47,16,17,2,1,2,25,117.09,1
23,21,1,36,8,10435,93,1,42,5,2,1,55,159.42,0
24,13,1,36,1,5818,98,26,24,2,1,1,25,383.22,1
26,9,0,35,0,2990,41,9,16,3,1,2,30,157.24,1
27,9,1,36,0,2268,44,34,31,3,1,2,30,228.48,1
28,0,0,36,0,133,2,0,2,3,1,2,30,5.4,1
31,0,1,36,0,628,7,9,4,4,1,2,45,38.375,1
41,0,0,26,0,825,10,21,3,4,1,2,45,73.375,1
42,10,0,25,0,1225,32,19,13,2,1,1,25,142.065,0
49,3,0,9,1,1488,19,0,7,3,1,1,30,60.28,1
53,13,0,40,1,4258,69,6,37,1,1,1,15,270.985,0
58,10,0,40,1,13833,172,5,46,3,1,1,30,580.2,0
68,3,1,39,1,60,3,5,2,2,1,1,25,25.335,1
72,26,1,35,1,1015,50,21,19,3,1,1,30,126.6,1
76,12,0,37,1,3050,44,14,18,3,1,1,30,179.76,1
77,12,1,38,1,2328,47,39,33,3,1,1,30,251.0,1
78,3,0,38,1,193,5,5,4,3,1,1,30,27.92,1
81,3,0,38,1,688,10,14,6,4,1,1,45,52.45,1
86,6,0,37,1,1725,47,43,22,3,1,1,30,242.88,0
90,14,0,29,1,760,28,15,9,3,1,1,30,91.52,0
91,3,0,28,1,885,13,26,5,4,1,1,45,87.45,0
98,5,0,11,2,4450,43,220,12,3,1,1,30,1059.72,0
99,6,1,11,2,1548,22,5,9,3,1,1,30,82.8,1
102,7,0,35,0,2393,57,354,22,2,1,1,25,1703.25,0
103,7,0,36,0,4138,63,0,33,1,1,1,15,231.055,0
108,4,0,36,0,13713,166,0,42,3,1,1,30,555.16,0
110,3,0,36,0,5858,92,2,10,2,1,1,25,276.75,0
111,6,1,36,0,2178,51,3,15,3,1,2,30,101.16,0
113,1,0,36,0,3035,24,478,6,3,1,1,30,2034.36,0
117,0,0,36,0,650,11,8,6,2,1,2,25,65.745,0
118,0,0,35,0,0,0,0,0,2,1,2,25,0.0,1
119,0,0,35,0,7448,124,379,41,2,1,1,25,2046.24,0
122,20,0,31,0,895,44,11,15,2,1,2,25,91.755,1
124,10,0,34,0,5758,95,21,22,2,1,1,25,357.885,1
126,6,0,33,0,2930,38,4,14,2,1,2,25,151.56,1
127,6,1,34,0,2208,41,29,29,3,1,2,30,205.96,1
128,0,1,34,0,0,0,0,0,3,1,2,30,0.0,1
131,0,0,34,0,568,4,4,2,4,1,2,45,24.3,1
141,0,1,24,0,765,7,16,1,4,1,2,45,59.3,1
144,0,0,16,0,1635,23,23,12,2,1,1,25,178.11,0
149,0,0,7,0,1428,16,0,5,3,1,1,30,57.76,1
150,9,0,42,1,4450,73,15,21,3,1,1,30,240.92,0
151,1,1,43,0,398,7,17,8,3,1,2,30,84.2,1
153,11,0,42,1,4278,68,11,39,1,1,1,15,299.53,0
155,12,0,42,2,3855,84,42,32,3,1,1,30,325.56,0
160,7,0,42,1,5998,97,17,16,3,1,1,30,311.8,0
168,1,0,41,0,80,2,10,4,2,1,2,25,48.69,1
172,24,1,37,0,1035,49,26,21,3,1,2,30,147.36,1
174,14,0,40,2,5898,100,36,28,2,1,1,25,431.91,1
175,2,0,38,1,2920,24,10,18,3,1,1,30,157.76,0
176,10,0,39,0,3070,43,19,20,3,1,2,30,200.52,1
177,10,1,40,0,2348,46,44,35,3,1,2,30,271.76,1
178,1,0,40,0,213,4,10,6,3,1,2,30,48.68,1
181,1,1,40,0,708,9,19,8,4,1,2,45,65.425,1
187,7,0,40,1,2860,55,185,27,2,1,1,25,963.675,0
190,12,0,31,0,780,27,20,11,3,1,2,30,112.28,0
192,11,0,29,1,1305,34,29,17,2,1,1,25,190.755,0
199,4,0,13,2,1568,21,10,11,3,1,1,30,103.56,1
203,9,0,34,0,4118,64,0,31,1,1,1,15,230.01,0
206,3,0,34,0,2280,37,275,14,3,1,1,30,1192.68,0
207,12,0,33,1,9035,119,134,39,3,1,1,30,902.16,0
214,8,0,33,0,15405,180,140,26,2,1,1,25,1331.325,0
218,0,0,33,0,0,0,0,0,2,1,2,25,0.0,1
222,22,0,29,0,875,45,6,13,2,1,2,25,68.4,1
224,12,1,32,0,5738,96,16,20,2,1,1,25,334.53,1
226,8,1,31,0,2910,39,0,12,3,1,2,30,117.96,1
227,8,0,32,0,2188,42,24,27,3,1,2,30,185.2,1
228,0,1,32,0,0,0,0,0,3,1,2,30,0.0,1
229,0,0,32,0,1588,23,0,2,3,1,1,30,64.44,0
231,0,0,32,0,0,0,0,0,4,1,2,45,0.0,1
239,3,0,22,0,1488,37,20,64,4,1,1,45,88.125,0
245,15,0,13,0,6313,139,75,38,1,2,1,15,767.36,0
249,2,0,5,0,1408,17,0,3,3,1,1,30,57.0,1
257,18,0,43,3,9375,131,159,49,3,1,1,30,1016.24,0
259,12,0,44,2,4775,93,17,31,3,1,1,30,262.72,0
268,5,0,43,0,260,10,15,6,2,1,2,25,79.65,1
269,8,0,43,1,7768,137,399,49,3,1,1,30,1912.2,0
272,28,1,39,0,1215,57,31,23,3,1,2,30,174.88,1
275,6,0,40,1,3100,32,15,20,3,1,1,30,185.28,0
276,14,1,41,0,3250,51,24,22,3,1,2,30,228.04,1
277,14,1,42,0,2528,54,49,37,4,1,2,45,187.05,1
278,5,0,42,0,393,12,15,8,3,1,2,30,76.2,1
281,5,0,42,0,888,17,24,10,4,1,2,45,82.625,1
291,5,0,32,0,1085,20,36,9,4,1,2,45,117.625,0
297,13,0,22,4,3113,55,46,25,3,1,1,30,310.72,0
299,8,1,15,2,1748,29,15,13,3,1,1,30,131.08,1
301,0,0,33,0,0,0,0,0,2,1,2,25,0.0,0
304,0,0,32,0,2133,48,0,27,1,1,1,15,119.955,0
308,2,0,32,0,13513,159,0,38,3,1,1,30,546.88,0
309,2,0,32,0,4255,73,0,19,3,1,1,30,173.12,0
311,4,0,32,0,1978,44,0,11,3,1,2,30,80.88,0
315,0,0,31,0,6240,76,171,20,3,1,1,30,936.64,0
316,0,0,31,0,615,4,0,5,2,1,2,25,27.855,0
318,0,0,31,0,0,0,0,0,2,1,2,25,0.0,1
320,2,0,31,0,11205,144,0,41,3,1,1,30,453.96,0
322,18,1,27,0,695,37,1,11,2,1,2,25,37.44,1
324,8,1,30,0,5558,88,11,18,2,1,1,25,303.57,1
325,0,0,28,0,2580,12,0,8,3,1,1,30,103.68,0
326,4,0,29,0,2730,31,0,10,2,1,2,25,124.245,1
327,4,1,30,0,2008,34,19,25,3,1,2,30,157.68,1
328,0,0,30,0,0,0,0,0,3,1,2,30,0.0,1
329,0,0,30,0,0,0,0,0,3,1,1,30,0.0,0
331,0,1,30,0,0,0,0,0,4,1,2,45,0.0,1
332,0,1,30,0,0,0,0,0,5,1,1,55,0.0,1
333,20,0,25,2,15815,228,0,74,2,1,1,25,721.935,0
349,0,1,3,0,1228,9,0,1,2,1,1,25,55.665,1
352,12,0,40,0,2633,68,370,29,3,1,1,30,1588.04,0
356,6,0,41,0,2540,47,296,23,3,1,1,30,1287.48,0
357,15,0,40,2,9295,129,155,48,3,1,1,30,996.96,0
360,8,0,41,0,6098,103,18,17,3,1,1,30,320.04,0
368,2,0,40,0,180,8,11,5,2,1,2,25,57.96,1
369,5,0,40,0,7688,135,395,48,2,1,1,25,2129.535,0
372,25,1,36,0,1135,55,27,22,2,1,2,25,175.05,1
376,11,1,38,0,3170,49,20,21,3,1,2,30,208.76,1
377,11,1,39,0,2448,52,45,36,3,1,2,30,280.0,1
378,2,1,39,0,313,10,11,7,3,1,2,30,56.92,1
380,5,0,36,1,6965,105,25,27,5,1,1,55,143.55,0
381,2,0,39,0,808,15,20,9,4,1,2,45,70.575,1
383,27,1,34,3,16255,246,11,85,2,1,1,25,792.045,0
384,8,0,37,3,7145,124,282,38,2,2,1,25,1596.105,0
386,5,0,38,0,1845,52,49,25,3,1,2,30,271.88,0
388,6,1,30,1,1495,44,204,16,2,2,1,25,987.255,1
390,13,0,30,0,880,33,21,12,2,1,2,25,135.585,0
395,18,0,20,1,6573,149,96,47,2,2,1,25,734.49,0
398,4,0,12,1,4570,48,226,15,3,1,1,30,1088.72,0
399,5,0,12,1,1668,27,11,12,3,1,1,30,111.8,1
402,8,0,34,0,2273,52,348,19,3,1,1,30,1485.0,0
406,2,0,35,0,2180,31,274,13,3,1,1,30,1184.44,0
414,7,0,34,0,15305,174,139,25,2,1,1,25,1322.055,0
418,0,1,34,0,0,0,0,0,2,1,2,25,0.0,1
421,6,0,34,1,6538,67,97,32,2,1,1,25,733.725,0
422,21,1,30,0,775,39,5,12,2,1,2,25,59.13,1
424,11,1,33,1,5638,90,15,19,2,1,1,25,325.26,1
425,0,0,31,0,2660,14,0,9,3,1,1,30,106.96,0
426,7,0,32,0,2810,33,0,11,3,1,2,30,113.72,1
427,7,1,33,0,2088,36,23,26,3,1,2,30,176.96,1
428,0,0,33,0,0,0,0,0,3,1,2,30,0.0,1
429,0,0,33,0,1488,17,0,1,3,1,1,30,60.2,0
430,1,0,30,1,6605,89,3,17,5,1,1,55,104.91,0
431,0,0,33,0,0,0,0,0,4,1,2,45,0.0,1
433,23,0,28,3,15895,230,0,75,2,1,1,25,725.625,0
442,8,0,22,0,1045,24,8,8,2,1,1,25,84.105,0
443,0,0,22,0,3045,53,0,18,3,1,1,30,123.92,0
445,14,0,14,1,6213,133,74,37,2,2,1,25,618.57,0
448,0,0,6,1,4210,32,204,5,3,1,1,30,985.68,0
449,1,0,6,1,1308,11,0,2,3,1,1,30,52.76,1
454,7,0,38,2,2993,68,23,48,2,1,1,25,241.245,0
456,8,0,38,2,2960,49,306,33,3,1,1,30,1344.36,0
458,11,0,38,2,14373,179,21,59,3,1,1,30,666.08,0
460,10,0,38,2,6518,105,28,27,3,1,1,30,376.92,0
465,7,0,37,3,7100,96,207,41,3,1,1,30,1115.84,0
466,4,0,37,0,1475,24,21,26,2,1,2,25,161.955,0
467,6,0,38,0,1310,24,34,23,3,1,2,30,189.36,0
468,4,0,37,0,600,10,21,15,2,1,2,25,121.95,1
472,27,1,33,0,1555,57,37,32,3,1,2,30,212.48,1
476,13,1,35,0,3590,51,30,31,3,1,2,30,265.64,1
477,13,1,36,0,2868,54,55,46,3,1,2,30,336.88,1
478,4,0,36,0,733,12,21,17,3,1,2,30,113.8,1
479,5,0,36,2,2268,35,21,21,4,1,1,45,110.075,0
481,4,0,36,0,1228,17,30,19,4,1,2,45,106.125,1
483,29,0,31,5,16675,248,21,95,2,1,1,25,856.035,0
486,7,1,35,0,2265,54,59,35,3,1,2,30,328.76,1
490,15,0,27,0,1300,35,31,22,3,1,2,30,177.4,0
494,6,0,18,2,2295,36,49,29,2,1,1,25,325.395,0
499,7,1,9,3,2088,29,21,22,3,1,1,30,168.68,1
501,0,0,39,0,0,0,0,0,2,1,2,25,0.0,0
518,0,0,37,0,0,0,0,0,2,1,2,25,0.0,1
522,19,0,33,0,355,37,0,2,2,1,2,25,17.64,1
524,9,1,36,0,5218,88,5,9,2,1,1,25,261.27,1
526,5,0,35,0,2390,31,0,1,3,1,2,30,96.84,1
527,5,0,36,0,1668,34,13,16,3,1,2,30,120.08,1
528,0,0,36,0,0,0,0,0,3,1,2,30,0.0,1
531,0,0,36,0,0,0,0,0,4,1,2,45,0.0,1
533,21,0,31,1,15475,228,0,65,2,1,1,25,706.635,0
540,7,0,27,0,100,15,0,3,2,1,2,25,5.175,0
546,8,0,15,0,8333,161,52,25,4,1,1,45,342.35,0
549,0,1,9,0,888,9,0,3,3,1,1,30,35.88,1
562,25,0,39,4,15255,231,86,36,3,1,1,30,963.44,0
566,0,0,38,0,990,20,32,15,2,1,2,25,189.45,0
568,0,0,38,0,115,6,32,4,2,1,2,25,149.445,1
569,3,0,38,1,7623,133,416,47,3,1,1,30,1974.24,0
570,7,0,38,2,11580,160,43,51,4,1,1,45,401.0,0
571,8,0,38,2,6833,81,140,41,2,1,1,25,941.13,0
572,23,1,34,0,1070,53,48,21,3,1,2,30,236.92,1
576,9,1,36,0,3105,47,41,20,3,1,2,30,290.08,1
577,9,0,37,0,2383,50,66,35,4,1,2,45,225.825,1
578,0,0,37,0,248,8,32,6,3,1,2,30,138.24,1
579,1,0,37,1,1783,31,32,10,4,1,1,45,125.35,0
580,3,0,34,2,6900,103,46,26,5,1,1,55,174.045,0
581,0,0,37,0,743,13,41,8,4,1,2,45,121.4,1
583,25,0,32,4,16190,244,32,84,2,2,1,25,883.53,0
584,6,0,35,4,7080,122,303,37,3,2,1,30,1500.08,0
586,3,0,36,0,1780,50,70,24,4,1,2,45,220.75,0
596,12,0,16,1,9048,177,105,44,5,1,1,55,295.875,0
599,3,0,10,2,1603,25,32,11,3,1,1,30,193.12,1
618,0,1,36,0,0,0,0,0,2,1,2,25,0.0,1
620,7,0,36,0,11350,148,0,43,3,1,1,30,459.92,0
622,23,0,32,0,840,41,0,13,2,1,2,25,39.645,1
624,13,1,35,0,5703,92,0,20,2,1,1,25,260.775,1
626,9,1,34,0,2875,35,0,12,2,1,2,25,130.95,1
627,9,0,35,0,2153,38,2,27,3,1,2,30,95.64,1
628,0,0,35,0,0,0,0,0,2,1,2,25,0.0,1
629,1,0,35,0,1553,19,0,2,3,1,1,30,62.88,0
631,0,0,35,0,513,1,0,3,4,1,2,45,12.85,1
649,3,1,8,0,1373,13,0,3,2,1,1,25,62.37,1
650,10,0,38,0,4560,72,14,20,3,1,1,30,241.28,0
656,6,0,38,0,2550,40,294,21,3,1,1,30,1279.6,0
663,6,0,38,1,3285,28,492,11,3,1,1,30,2100.52,0
667,4,0,38,0,900,15,22,11,3,1,2,30,124.6,0
668,2,0,37,0,190,1,9,3,2,1,2,25,49.095,1
672,25,1,33,0,1145,48,25,20,2,1,2,25,166.185,1
674,15,0,36,1,6008,99,35,27,2,1,1,25,432.315,1
676,11,1,35,0,3180,42,18,19,3,1,2,30,200.88,1
677,11,1,36,0,2458,45,43,34,3,1,2,30,272.12,1
678,2,0,36,0,323,3,9,5,3,1,2,30,49.04,1
680,5,0,33,1,6975,98,23,25,5,1,1,55,140.595,0
681,2,0,36,0,818,8,18,7,4,1,2,45,65.65,1
682,2,0,36,1,528,5,13,5,5,1,1,55,27.495,0
688,6,1,27,1,1505,37,202,14,2,2,1,25,978.39,1
690,13,0,27,0,890,26,19,10,2,1,2,25,126.72,0
699,5,0,9,1,1677,20,9,10,3,1,1,30,103.88,1
702,8,0,37,0,2263,59,350,21,3,1,1,30,1492.88,0
706,2,0,38,0,2170,38,276,15,3,1,1,30,1192.32,0
709,5,0,38,1,4325,82,0,22,3,1,1,30,176.28,0
710,4,0,38,0,5728,94,0,9,3,1,1,30,232.88,0
711,7,0,38,0,2048,53,0,14,3,1,2,30,84.04,0
714,7,0,37,0,15295,181,141,27,2,1,1,25,1330.92,0
718,0,0,37,0,0,0,0,0,2,1,2,25,0.0,1
722,21,0,33,0,765,46,7,14,2,1,2,25,67.995,1
723,19,0,36,8,10245,92,0,39,5,2,1,55,155.055,0
724,11,0,36,1,5628,97,17,21,2,1,1,25,334.125,1
725,0,0,34,0,2650,21,0,11,3,1,1,30,106.84,0
726,7,1,35,0,2800,40,0,13,3,1,2,30,113.6,1
727,7,0,36,0,2078,43,25,28,3,1,2,30,184.84,1
728,0,0,36,0,0,0,0,0,3,1,2,30,0.0,1
731,0,0,36,0,438,6,0,1,4,1,2,45,11.1,1
733,23,0,31,3,15885,237,0,77,2,1,1,25,725.49,0
737,4,0,36,0,2590,52,166,20,2,1,1,25,865.89,0
746,10,0,15,0,8742,170,64,37,4,1,1,45,382.8,0
749,1,0,9,1,1297,18,0,4,3,1,1,30,52.6,1
761,7,1,33,0,2238,48,0,16,3,1,2,30,91.44,0
762,23,0,33,2,15140,219,46,31,3,1,1,30,798.36,0
768,0,0,32,0,0,0,0,0,2,1,2,25,0.0,1
772,21,1,28,0,955,41,8,16,2,1,2,25,80.82,1
774,11,0,31,0,5818,92,18,23,2,1,1,25,346.95,1
776,7,1,30,0,2990,35,1,15,2,1,2,25,140.625,1
777,7,1,31,0,2268,38,26,30,3,1,2,30,196.24,1
778,0,1,31,0,0,0,0,0,2,1,2,25,0.0,1
779,0,0,31,0,1668,19,0,5,3,1,1,30,67.48,0
781,0,0,31,0,628,1,1,3,4,1,2,45,18.225,1
784,4,0,29,2,6965,110,263,32,2,2,1,25,1501.875,0
787,4,0,31,0,2780,47,167,22,2,1,1,25,878.715,0
799,1,0,4,0,1487,13,0,6,2,1,1,25,67.5,1
806,6,0,43,1,2360,45,293,19,4,1,1,45,792.625,0
809,9,0,43,2,4515,89,10,26,3,1,1,30,224.16,0
813,6,0,43,2,3095,33,491,9,4,1,1,45,1305.7,0
818,0,0,42,0,0,0,8,0,2,1,2,25,36.0,1
822,25,1,38,0,955,53,24,18,3,1,2,30,136.32,1
824,15,0,41,2,5818,104,34,25,3,1,1,30,372.88,0
826,11,0,40,0,2990,47,17,17,3,1,2,30,189.48,1
827,11,1,41,0,2268,50,42,32,4,1,2,45,162.95,1
828,2,0,41,0,133,8,8,3,3,1,2,30,37.64,1
829,3,0,41,1,1668,31,8,7,4,1,1,45,62.475,0
831,2,0,41,0,628,13,17,5,4,1,2,45,58.525,1
838,6,1,32,2,1315,42,201,12,3,2,1,30,858.28,1
839,6,0,31,1,1568,45,38,69,5,1,1,55,81.195,0
841,2,0,31,0,825,16,29,4,4,1,2,45,93.525,0
845,18,0,22,2,6392,147,93,43,2,2,1,25,712.755,0
847,10,0,21,4,2852,51,39,20,3,1,1,30,272.12,0
849,5,1,14,2,1487,25,8,8,3,1,1,30,92.48,1
866,6,0,38,0,1585,25,8,11,2,1,2,25,108.45,0
868,6,0,38,0,710,11,8,2,2,1,2,25,68.445,1
872,29,1,34,0,1665,58,24,17,3,1,2,30,164.92,1
873,27,0,37,9,11145,104,9,42,5,2,1,55,182.235,0
876,15,1,36,0,3700,52,17,16,3,1,2,30,218.08,1
877,15,1,37,0,2978,55,42,31,3,1,2,30,289.32,1
878,6,0,37,0,843,13,8,2,3,1,2,30,66.24,1
881,6,1,37,0,1338,18,17,4,4,1,2,45,76.4,1
883,31,1,32,4,16785,249,8,80,2,1,1,25,802.53,0
887,12,0,37,1,3490,64,183,23,2,1,1,25,983.43,0
893,8,0,26,1,3935,72,16,23,3,1,1,30,224.28,0
899,9,0,10,2,2197,30,8,7,3,1,1,30,121.08,1
900,2,0,37,0,3660,60,0,17,2,1,1,25,167.4,0
910,0,0,37,0,5208,84,0,12,2,1,1,25,238.14,0
918,0,0,36,0,0,0,0,0,2,1,2,25,0.0,1
922,17,0,32,0,245,36,0,17,2,1,2,25,12.645,1
924,7,0,35,0,5108,87,1,24,2,1,1,25,238.275,1
926,3,1,34,0,2280,30,0,16,2,1,2,25,103.95,1
927,3,0,35,0,1558,33,9,31,3,1,2,30,99.64,1
928,0,0,35,0,0,0,0,0,3,1,2,30,0.0,1
929,0,0,35,0,958,14,0,6,3,1,1,30,38.88,0
931,0,0,35,0,0,0,0,0,4,1,2,45,0.0,1
942,4,0,24,0,515,21,0,13,2,1,1,25,24.12,0
945,10,0,16,0,5682,130,60,42,1,2,1,15,649.66,0
949,0,0,8,0,777,8,0,7,3,1,1,30,31.4,1
955,11,0,38,1,3775,82,32,28,3,1,1,30,282.28,0
958,7,0,38,0,13773,169,0,44,3,1,1,30,557.68,0
962,25,0,38,3,15140,225,54,32,3,1,1,30,830.6,0
967,2,0,38,0,710,14,13,8,3,1,2,30,80.96,0
968,0,0,37,0,0,0,0,0,2,1,2,25,0.0,1
972,23,0,33,0,955,47,16,17,2,1,2,25,117.09,1
974,13,0,36,1,5818,98,26,24,2,1,1,25,383.22,1
976,9,1,35,0,2990,41,9,16,3,1,2,30,157.24,1
977,9,0,36,0,2268,44,34,31,3,1,2,30,228.48,1
978,0,0,36,0,133,2,0,2,3,1,2,30,5.4,1
979,1,0,36,0,1668,25,0,6,3,1,1,30,67.72,0
981,0,0,36,0,628,7,9,4,4,1,2,45,38.375,1
982,0,0,36,1,338,4,4,2,5,1,1,55,11.13,0
983,25,0,31,3,16075,238,0,80,2,1,1,25,734.085,0
988,4,1,27,1,1315,36,193,11,2,2,1,25,929.295,1
999,3,0,9,1,1487,19,0,7,3,1,1,30,60.24,1
1003,10,0,38,0,4198,66,1,35,1,1,1,15,240.02,0
1005,11,0,38,1,3775,82,32,28,3,1,1,30,282.28,0
1016,0,0,37,0,875,14,0,11,2,1,2,25,40.005,0
1018,0,0,37,0,0,0,0,0,2,1,2,25,0.0,1
1022,23,1,33,0,955,47,16,17,2,1,2,25,117.09,1
1024,13,1,36,1,5818,98,26,24,2,1,1,25,383.22,1
1026,9,0,35,0,2990,41,9,16,3,1,2,30,157.24,1
1027,9,0,36,0,2268,44,34,31,3,1,2,30,228.48,1
1028,0,0,36,0,133,2,0,2,3,1,2,30,5.4,1
1029,1,0,36,0,1668,25,0,6,3,1,1,30,67.72,0
1031,0,0,36,0,628,7,9,4,4,1,2,45,38.375,1
1042,10,0,25,0,1225,32,19,13,2,1,1,25,142.065,0
1043,2,0,25,0,3225,61,8,23,3,1,1,30,163.44,0
1049,3,1,9,1,1487,19,0,7,3,1,1,30,60.24,1
1051,0,0,37,0,0,0,0,0,2,1,2,25,0.0,0
1053,5,0,36,0,3893,60,0,33,1,1,1,15,217.415,0
1057,8,0,35,1,8810,115,137,41,3,1,1,30,905.0,0
1058,2,0,36,0,13468,163,0,42,3,1,1,30,545.24,0
1059,2,0,36,0,4210,77,0,23,3,1,1,30,171.48,0
1068,0,0,35,0,0,0,0,0,2,1,2,25,0.0,1
1072,18,0,31,0,650,41,9,15,2,1,2,25,71.595,1
1074,8,1,34,0,5513,92,19,22,2,1,1,25,337.725,1
1075,0,0,32,0,2535,16,0,12,3,1,1,30,102.04,0
1076,4,0,33,0,2685,35,2,14,2,1,2,25,131.4,1
1077,4,0,34,0,1963,38,27,29,3,1,2,30,188.04,1
1078,0,1,34,0,0,0,0,0,3,1,2,30,0.0,1
1081,0,0,34,0,323,1,2,2,4,1,2,45,13.1,1
1087,1,0,34,0,2475,47,168,21,2,1,1,25,869.49,0
1088,0,1,25,0,1010,30,186,9,2,2,1,25,883.8,1
1099,0,1,7,0,1183,13,0,5,2,1,2,25,53.82,1
1100,6,0,38,0,4125,68,3,17,2,1,1,25,202.185,0
1105,9,0,38,1,3530,79,30,28,3,1,1,30,264.36,0
1106,2,0,38,0,2115,36,283,18,3,1,1,30,1218.04,0
1107,11,0,37,2,8870,118,142,43,3,1,1,30,927.52,0
1115,1,0,37,1,6255,83,184,26,3,1,1,30,989.52,0
1118,0,0,37,0,0,0,0,0,2,1,1,25,0.0,1
1119,1,0,37,0,7263,124,382,43,2,1,1,25,2051.415,0
1122,21,1,33,0,710,44,14,17,2,1,1,25,96.93,1
1124,11,1,36,1,5573,95,24,24,2,1,1,25,363.06,1
1126,7,0,35,0,2745,38,7,16,3,1,1,30,139.32,1
1127,7,1,36,0,2023,41,32,31,3,1,1,30,210.56,1
1128,0,0,36,0,0,0,0,0,3,1,1,30,0.0,1
1131,0,0,36,0,383,4,7,4,4,1,1,45,27.175,1
1135,0,0,36,0,3473,79,0,28,2,1,1,25,159.84,0
1139,2,0,26,0,1323,36,28,68,4,1,1,45,103.975,0
1146,10,0,15,0,8688,168,71,40,4,1,1,45,398.9,0
1147,6,0,16,3,2608,42,29,19,3,1,1,30,222.0,0
1149,1,1,9,1,1243,16,0,7,3,1,1,30,50.36,1
1151,0,0,35,0,0,0,0,0,2,1,2,25,0.0,0
1152,2,0,33,0,2088,51,347,20,2,1,1,25,1657.755,0
1159,0,0,34,0,4150,74,0,21,3,1,1,30,168.96,0
1160,0,0,34,0,5553,86,0,8,2,1,1,25,253.755,0
1166,0,0,33,0,510,5,0,7,2,1,2,25,23.175,0
1168,0,0,33,0,0,0,0,0,2,1,2,25,0.0,1
1169,0,0,33,0,7143,118,372,39,2,1,1,25,2000.745,0
1171,0,0,33,0,6353,66,96,33,2,1,1,25,720.855,0
1172,15,0,29,0,590,38,4,13,2,1,2,25,46.26,1
1173,13,0,32,6,10070,84,0,38,4,1,1,45,253.85,0
1174,5,1,32,0,5453,89,14,20,2,1,1,25,312.39,1
1176,1,1,31,0,2625,32,0,12,2,1,2,25,119.565,1
1177,1,0,32,0,1903,35,22,27,3,1,2,30,165.52,1
1178,0,1,32,0,0,0,0,0,2,1,2,25,0.0,1
1179,0,0,32,0,1303,16,0,2,3,1,1,30,52.76,0
1181,0,0,32,0,263,1,0,1,3,1,2,30,10.56,1
1183,17,0,27,1,15710,229,0,76,2,1,1,25,717.255,0
1184,0,0,30,1,6600,107,259,29,2,2,1,25,1467.315,0
1191,0,0,22,0,0,0,9,0,4,1,2,45,22.5,0
1198,0,0,5,0,4025,31,203,6,3,1,1,30,974.24,0
1199,0,1,5,0,1123,10,0,3,2,1,2,25,50.985,1
1209,3,0,40,1,4290,79,5,27,3,1,1,30,194.76,0
1212,21,0,40,3,14915,221,57,34,3,1,1,30,833.44,0
1217,0,0,40,0,485,10,16,10,2,1,2,25,94.275,0
1218,0,0,39,0,0,0,3,0,2,1,2,25,13.5,1
1222,19,0,35,0,730,43,19,19,2,1,2,25,120.285,1
1224,9,0,38,1,5593,94,29,26,2,1,1,25,386.415,1
1225,0,0,36,0,2615,18,3,16,3,1,1,30,117.32,0
1226,5,1,37,0,2765,37,12,18,2,1,2,25,180.09,1
1227,5,0,38,0,2043,40,37,33,3,1,2,30,231.32,1
1228,0,0,38,0,0,0,3,0,3,1,2,30,12.0,1
1231,0,1,38,0,403,3,12,6,4,1,2,45,40.15,1
1241,0,0,28,0,600,6,24,5,4,1,2,45,75.15,0
1243,0,0,27,0,3000,57,11,25,3,1,1,30,166.28,0
1249,0,1,11,1,1263,15,3,9,3,1,1,30,63.12,1
1250,2,0,32,0,3985,63,0,11,2,1,1,25,182.16,0
1252,4,0,31,0,2068,52,342,18,2,1,1,25,1634.4,0
1254,0,0,32,0,2008,50,0,27,1,1,1,15,113.19,0
1261,3,0,32,0,1853,46,0,11,3,1,2,30,75.96,0
1265,0,0,31,0,6115,78,169,20,3,1,1,30,923.72,0
1268,0,0,31,0,0,0,0,0,2,1,2,25,0.0,1
1270,1,0,31,0,11080,146,0,41,3,1,1,30,449.04,0
1272,17,0,27,0,570,39,0,11,2,1,2,25,27.405,1
1274,7,0,30,0,5433,90,9,18,2,1,1,25,289.035,1
1276,3,1,29,0,2605,33,0,10,2,1,2,25,118.71,1
1277,3,0,30,0,1883,36,17,25,3,1,2,30,144.76,1
1278,0,0,30,0,0,0,0,0,2,1,2,25,0.0,1
1279,0,0,30,0,1283,17,0,5,3,1,1,30,52.0,0
1281,0,1,30,0,0,0,0,0,4,1,2,45,0.0,1
1288,0,0,21,0,930,28,176,5,2,2,1,25,835.11,0
1290,5,0,21,0,315,17,0,1,2,1,2,25,14.94,0
1295,10,0,11,0,6008,133,68,36,1,2,1,15,711.755,0
1299,0,0,3,0,1103,11,0,1,2,1,1,25,50.13,1
1302,10,0,41,0,2408,64,367,28,3,1,1,30,1566.88,0
1304,3,0,42,0,2348,62,10,37,1,1,1,15,187.55,0
1305,11,0,42,1,3730,86,40,32,3,1,1,30,312.64,0
1309,7,0,42,1,4470,87,10,29,3,1,1,30,222.28,0
1318,0,0,41,0,0,0,8,0,2,1,2,25,36.0,1
1322,23,1,37,0,910,51,24,21,2,1,2,25,151.245,1
1325,1,0,38,0,2795,26,8,18,3,1,1,30,144.84,0
1326,9,1,39,0,2945,45,17,20,3,1,2,30,187.6,1
1327,9,0,40,0,2223,48,42,35,3,1,2,30,258.84,1
1328,0,0,40,0,88,6,8,6,3,1,2,30,35.76,1
1331,0,1,40,0,583,11,17,8,4,1,2,45,57.35,1
1332,0,0,40,1,293,8,12,6,5,1,1,55,22.515,0
1333,25,0,35,3,16030,242,8,84,2,1,1,25,768.24,0
1349,3,0,13,1,1443,23,8,11,3,1,1,30,90.64,1
1360,0,0,30,0,5353,79,0,4,2,1,1,25,244.44,0
1362,15,0,30,1,14575,209,32,24,2,1,1,25,809.28,0
1368,0,0,29,0,0,0,0,0,2,1,2,25,0.0,1
1370,0,0,29,0,10900,138,0,39,3,1,1,30,441.52,0
1371,0,0,29,0,6153,59,86,29,2,1,1,25,666.54,0
1372,13,1,25,0,390,31,0,9,2,1,2,25,18.945,1
1373,11,0,28,6,9870,77,0,34,4,2,1,45,248.675,0
1374,3,0,28,0,5253,82,4,16,2,1,1,25,258.075,1
1376,0,1,27,0,2425,25,0,8,2,1,2,25,110.25,1
1377,0,1,28,0,1703,28,12,23,3,1,2,30,117.24,1
1378,0,0,28,0,0,0,0,0,2,1,2,25,0.0,1
1381,0,0,28,0,0,0,0,0,3,1,2,30,0.0,1
1382,0,1,28,0,0,0,0,0,4,1,1,45,0.0,1
1385,0,0,28,0,3153,66,0,20,2,1,1,25,144.855,0
1389,0,0,18,0,1003,23,8,60,4,1,1,45,45.65,0
1394,0,0,10,0,1130,10,6,6,2,1,1,25,78.3,0
1395,6,0,9,0,5828,125,63,34,1,2,1,15,673.915,0
1397,0,0,8,1,2288,29,9,11,3,1,1,30,128.68,0
1399,0,0,3,0,0,0,0,0,2,1,1,25,0.0,1
1400,5,0,39,0,4245,73,9,20,2,1,1,25,234.81,0
1403,7,0,39,0,4073,68,5,38,1,1,1,15,255.255,0
1405,8,0,39,0,3650,84,36,31,2,1,1,25,330.03,0
1409,4,0,39,0,4390,85,6,28,3,1,1,30,203.0,0
1410,3,0,39,0,5793,97,11,15,2,1,1,25,314.55,0
1418,0,0,38,0,0,0,4,0,2,1,2,25,18.0,1
1419,0,0,38,0,7383,129,388,46,2,1,1,25,2084.04,0
1422,20,1,34,0,830,49,20,20,2,1,2,25,129.555,1
1423,18,0,37,7,10310,95,5,45,4,2,1,45,272.625,0
1424,10,0,37,0,5693,100,30,27,2,1,1,25,395.685,1
1426,6,1,36,0,2865,43,13,19,2,1,2,25,189.36,1
1427,6,1,37,0,2143,46,38,34,3,1,2,30,239.56,1
1428,0,0,37,0,8,4,4,5,3,1,2,30,16.48,1
1431,0,1,37,0,503,9,13,7,4,1,2,45,45.3,1
1432,0,0,37,0,213,6,8,5,5,1,1,55,15.285,0
1434,3,0,35,2,6840,118,275,36,2,2,1,25,1550.61,0
1436,0,0,36,0,1540,46,42,23,3,1,2,30,231.44,0
1441,0,0,27,0,700,12,25,6,4,1,2,45,80.3,0
1442,7,0,26,0,1100,34,23,16,2,1,1,25,154.53,0
1444,0,0,19,0,1570,28,32,17,2,1,1,25,215.91,0
1449,0,1,10,0,1363,21,4,10,2,1,1,25,80.28,1
1464,2,0,32,0,15000,168,132,23,2,1,1,25,1276.56,0
1467,0,0,33,0,0,0,0,0,2,1,2,25,0.0,0
1468,0,0,32,0,0,0,0,0,2,1,2,25,0.0,1
1472,16,0,28,0,470,33,0,10,2,1,2,25,22.635,1
1474,6,1,31,0,5333,84,8,17,2,1,1,25,279.765,1
1476,2,1,30,0,2505,27,0,9,2,1,2,25,113.94,1
1477,2,0,31,0,1783,30,16,24,3,1,2,30,136.52,1
1478,0,0,31,0,0,0,0,0,3,1,2,30,0.0,1
1481,0,0,31,0,0,0,0,0,4,1,2,45,0.0,1
1486,0,0,30,0,1180,30,20,13,3,1,2,30,128.4,0
1489,0,0,21,0,1083,25,12,61,4,1,1,45,57.7,0
1492,3,0,20,0,740,18,1,6,2,1,1,25,38.61,0
1493,0,0,20,0,2740,47,0,16,3,1,1,30,111.48,0
1495,9,0,12,0,5908,127,67,35,1,2,1,15,700.425,0
1499,0,0,4,0,1003,5,0,4,2,1,1,25,45.36,1
1502,9,0,35,1,2748,64,373,37,2,1,1,25,1805.04,0
1511,8,0,36,0,2533,58,22,30,3,1,2,30,191.64,0
1517,1,0,36,0,1005,18,27,21,2,1,2,25,167.535,0
1518,0,1,35,0,295,4,14,13,2,1,2,25,76.455,1
1522,22,0,31,0,1250,51,30,30,2,1,2,25,193.545,1
1523,20,0,34,9,10730,97,15,55,4,1,1,45,308.175,0
1525,0,0,32,1,3135,26,14,27,3,1,1,30,182.44,0
1526,8,0,33,0,3285,45,23,29,2,1,2,25,253.35,1
1527,8,1,34,0,2563,48,48,44,3,1,2,30,296.44,1
1528,0,0,34,0,428,6,14,15,3,1,2,30,73.36,1
1531,0,0,34,0,923,11,23,17,4,1,2,45,80.85,1
1535,1,0,34,1,4013,86,16,41,2,1,1,25,256.455,0
1536,2,1,33,0,1960,48,52,33,3,1,2,30,288.32,1
1538,3,0,25,2,1610,40,207,24,2,2,1,25,1005.75,0
1547,7,0,14,4,3148,49,45,32,3,1,1,30,307.88,0
1549,2,1,7,2,1783,23,14,20,3,1,1,30,128.24,1
1550,0,0,36,0,3465,55,0,10,2,1,1,25,158.4,0
1551,0,0,37,0,0,0,0,0,2,1,2,25,0.0,0
1555,2,0,36,0,2870,66,4,11,2,1,1,25,150.12,0
1556,0,0,36,0,1455,23,257,1,3,1,1,30,1087.12,0
1568,0,0,35,0,0,0,0,0,2,1,2,25,0.0,1
1569,0,0,35,0,6603,111,356,26,2,1,1,25,1904.13,0
1572,7,0,31,0,50,2,0,1,2,1,2,25,2.34,1
1574,4,0,34,0,4913,82,0,7,2,1,1,25,224.775,1
1576,0,0,33,0,2085,25,0,9,2,1,2,25,94.95,1
1577,0,1,34,0,1363,28,6,14,3,1,2,30,79.64,1
1578,0,0,34,0,0,0,0,0,2,1,2,25,0.0,1
1579,0,0,34,0,0,0,0,0,3,1,1,30,0.0,0
1580,0,0,31,0,5880,81,0,5,4,1,1,45,149.025,0
1581,0,1,34,0,0,0,0,0,4,1,2,45,0.0,1
1588,0,0,25,0,1903,20,165,8,2,2,1,25,829.035,0
1594,0,0,16,0,0,0,0,0,2,1,1,25,0.0,0
1595,7,0,15,0,5488,125,57,25,1,2,1,15,622.215,0
1599,0,0,7,0,0,0,0,0,2,1,1,25,0.0,1
1605,6,0,37,1,3585,82,57,30,3,1,1,30,374.68,0
1610,1,0,37,0,5728,95,32,14,3,1,1,30,360.92,0
1616,0,0,36,0,685,14,25,13,2,1,2,25,143.955,0
1617,0,0,37,0,520,14,38,10,3,1,2,30,173.36,0
1618,0,0,36,0,0,0,25,0,2,1,2,25,112.5,1
1620,2,0,36,1,11275,154,36,49,4,1,1,45,375.725,0
1621,3,0,36,1,6528,75,133,39,2,1,1,25,895.635,0
1622,18,0,32,0,765,47,41,19,3,1,2,30,196.48,1
1624,8,1,35,1,5628,98,51,26,2,1,1,25,487.17,1
1626,4,1,34,0,2800,41,34,18,3,1,2,30,249.64,1
1627,4,0,35,0,2078,44,59,33,3,1,2,30,320.88,1
1628,0,0,35,0,0,0,25,0,3,1,2,30,100.0,1
1630,0,0,32,1,6595,97,39,24,5,1,1,55,158.88,0
1631,0,0,35,0,438,7,34,6,4,1,2,45,96.125,1
1637,1,0,35,0,2590,53,200,25,2,1,1,25,1018.935,0
1642,5,0,24,0,1035,32,44,15,2,1,1,25,246.015,0
1644,0,0,17,0,1505,26,53,16,2,1,1,25,307.395,0
1645,11,0,16,1,6203,141,110,44,2,2,1,25,780.48,0
1649,0,1,8,1,1298,19,25,9,3,1,1,30,152.68,1
1650,3,0,35,0,3950,59,0,11,2,1,1,25,180.405,0
1651,0,0,36,0,0,0,0,0,2,1,2,25,0.0,0
1653,5,0,35,0,3778,54,0,29,1,1,1,15,210.76,0
1657,8,0,34,0,8695,109,105,37,3,1,1,30,772.16,0
1665,0,0,34,0,6080,74,147,20,3,1,1,30,834.16,0
1668,0,0,34,0,0,0,0,0,2,1,2,25,0.0,1
1672,18,0,30,0,535,35,0,11,2,1,2,25,25.65,1
1674,8,0,33,0,5398,86,0,18,2,1,1,25,246.78,1
1676,4,1,32,0,2570,29,0,10,2,1,2,25,116.955,1
1677,4,0,33,0,1848,32,0,25,3,1,2,30,75.2,1
1678,0,0,33,0,0,0,0,0,2,1,2,25,0.0,1
1681,0,0,33,0,0,0,0,0,3,1,2,30,0.0,1
1692,5,0,22,0,805,20,0,7,1,1,1,15,45.375,0
1693,0,0,22,0,2805,49,0,17,3,1,1,30,114.16,0
1699,0,1,6,0,1068,7,0,1,2,1,1,25,48.375,1
1711,6,1,36,0,2123,49,10,18,3,1,2,30,126.88,0
1714,6,0,35,0,15370,177,152,31,2,1,1,25,1383.615,0
1716,0,0,35,0,760,9,2,12,2,1,2,25,43.605,0
1718,0,0,35,0,0,0,2,0,2,1,2,25,9.0,1
1722,20,0,31,0,840,42,18,18,2,1,2,25,120.69,1
1724,10,0,34,0,5703,93,28,25,2,1,1,25,386.82,1
1725,0,0,32,0,2725,17,2,15,3,1,1,30,117.68,0
1726,6,0,33,0,2875,36,11,17,2,1,2,25,180.495,1
1727,6,1,34,0,2153,39,36,32,3,1,2,30,231.68,1
1728,0,0,34,0,0,0,2,0,3,1,2,30,8.0,1
1729,0,0,34,0,1553,20,2,7,3,1,1,30,70.92,0
1731,0,0,34,0,513,2,11,5,4,1,2,45,40.375,1
1734,3,0,32,2,6850,111,273,34,2,2,1,25,1541.745,0
1741,0,0,24,0,710,5,23,4,4,1,2,45,75.375,0
1743,0,0,23,0,3110,56,10,24,3,1,1,30,166.64,0
1744,0,0,16,0,1580,21,30,15,2,1,1,25,207.045,0
1746,9,0,13,0,8817,166,75,41,4,1,1,45,412.075,0
1747,5,0,14,2,2737,40,33,20,3,1,1,30,243.08,0
1749,0,1,7,0,1372,14,2,8,2,1,1,25,71.37,1
1751,0,0,37,0,0,0,0,0,2,1,2,25,0.0,0
1756,0,0,36,0,1865,32,269,13,3,1,1,30,1151.88,0
1765,0,0,35,0,6005,79,170,21,3,1,1,30,923.36,0
1768,0,0,35,0,0,0,0,0,2,1,2,25,0.0,1
1772,16,1,31,0,460,40,0,12,2,1,2,25,22.5,1
1773,14,0,34,7,9940,86,0,37,4,1,1,45,250.65,0
1774,6,0,34,0,5323,91,10,19,2,1,1,25,288.63,1
1776,2,1,33,0,2495,34,0,11,2,1,2,25,113.805,1
1777,2,0,34,0,1773,37,18,26,3,1,2,30,144.4,1
1778,0,0,34,0,0,0,0,0,3,1,2,30,0.0,1
1781,0,0,34,0,0,0,0,0,4,1,2,45,0.0,1
1783,18,0,29,2,15580,231,0,75,2,1,1,25,711.495,0
1786,0,0,33,0,1170,37,22,15,3,1,2,30,136.28,0
1792,3,0,23,0,730,25,3,8,2,1,1,25,47.475,0
1794,0,0,16,0,1200,19,12,9,2,1,1,25,108.855,0
1795,9,0,15,0,5897,134,69,37,1,2,1,15,711.205,0
1799,0,0,7,0,992,12,0,2,2,1,1,25,45.18,1
1806,0,0,31,0,2055,27,270,15,3,1,1,30,1163.28,0
1808,0,0,31,0,13468,157,0,41,3,1,1,30,545.0,0
1811,2,0,31,0,1933,42,0,14,3,1,2,30,79.0,0
1815,0,0,30,0,6195,74,171,23,3,1,1,30,934.76,0
1817,0,0,31,0,405,2,0,5,2,1,2,25,18.315,0
1818,0,0,30,0,0,0,0,0,2,1,2,25,0.0,1
1822,16,0,26,0,650,35,1,14,2,1,2,25,35.325,1
1823,14,0,29,6,10130,81,0,39,4,1,1,45,255.275,0
1824,6,0,29,0,5513,86,11,21,2,1,1,25,301.455,1
1826,2,0,28,0,2685,29,0,13,2,1,2,25,122.13,1
1827,2,0,29,0,1963,32,19,28,3,1,2,30,155.8,1
1828,0,0,29,0,0,0,0,0,2,1,2,25,0.0,1
1831,0,0,29,0,0,0,0,0,3,1,2,30,0.0,1
1832,0,0,29,0,0,0,0,0,4,1,1,45,0.0,0
1845,9,0,10,0,6087,129,70,39,1,2,1,15,726.88,0
1849,0,0,3,0,1182,7,0,4,2,1,1,25,53.505,1
1863,1,0,41,1,2790,27,484,7,3,1,1,30,2048.68,0
1865,0,0,40,1,6195,86,187,25,3,1,1,30,999.24,0
1866,0,0,40,0,570,14,1,10,2,1,2,25,30.78,0
1868,0,0,40,0,0,0,1,0,2,1,2,25,4.5,1
1870,4,0,40,1,11160,154,12,46,4,1,1,45,312.85,0
1872,20,0,36,0,650,47,17,16,3,1,2,30,95.88,1
1873,18,0,39,8,10130,93,2,41,5,1,1,55,156.345,0
1874,10,0,39,1,5513,98,27,23,2,1,1,25,373.995,1
1876,6,1,38,0,2685,41,10,15,3,1,2,30,149.04,1
1877,6,0,39,0,1963,44,35,30,3,1,2,30,220.28,1
1878,0,0,39,0,0,0,1,0,3,1,2,30,4.0,1
1881,0,0,39,0,323,7,10,3,4,1,2,45,33.25,1
1888,1,0,30,1,1010,36,194,10,2,2,1,25,920.07,0
1890,8,0,30,0,395,25,11,6,3,1,2,30,60.8,0
1899,0,0,12,1,1182,19,1,6,3,1,1,30,52.04,1
1902,11,0,36,0,2858,65,360,22,2,1,1,25,1751.535,0
1903,11,0,37,0,4603,71,2,33,1,1,1,15,268.07,0
1908,8,0,37,0,14178,174,1,42,3,1,1,30,578.08,0
1913,5,0,37,1,3500,32,484,6,3,1,1,30,2077.28,0
1916,1,0,36,0,1280,19,1,9,2,1,2,25,62.955,0
1918,0,0,36,0,0,0,1,0,2,1,2,25,4.5,1
1922,24,0,32,0,1360,52,17,15,2,1,2,25,140.04,1
1926,10,0,34,0,3395,46,10,14,3,1,2,30,177.64,1
1927,10,1,35,0,2673,49,35,29,3,1,2,30,248.88,1
1928,1,0,35,0,538,7,1,1,3,1,2,30,25.8,1
1931,1,0,35,0,1033,12,10,2,4,1,2,45,51.125,1
1938,5,0,26,1,1720,41,194,9,2,2,1,25,952.245,0
1940,12,0,26,0,1105,30,11,5,2,1,2,25,100.575,0
1947,9,0,15,3,3257,50,32,17,3,1,1,30,260.28,0
1949,4,0,8,1,1892,24,1,5,3,1,1,30,80.64,1
1961,0,0,35,0,1223,37,0,15,3,1,2,30,50.4,0
1964,0,0,34,0,14470,165,118,28,2,1,1,25,1189.575,0
1967,0,0,35,0,0,0,0,0,2,1,2,25,0.0,0
1968,0,0,34,0,0,0,0,0,2,1,2,25,0.0,1
1969,0,0,34,0,6493,110,352,41,2,1,1,25,1881.135,0
1972,0,1,30,0,0,0,0,0,2,1,2,25,0.0,1
1974,2,1,33,0,4803,81,0,22,2,1,1,25,219.78,1
1976,0,0,32,0,1975,24,0,14,2,1,2,25,89.955,1
1977,0,0,33,0,1253,27,2,29,3,1,2,30,59.2,1
1978,0,1,33,0,0,0,0,0,2,1,2,25,0.0,1
1979,0,0,33,0,653,8,0,4,3,1,1,30,26.44,0
1981,0,0,33,0,0,0,0,0,3,1,2,30,0.0,1
1983,14,0,28,1,15060,221,0,78,2,1,1,25,687.645,0
1990,0,0,24,0,0,0,0,0,2,1,2,25,0.0,0
1999,0,0,6,0,472,2,0,5,2,1,1,25,21.33,1
2002,5,0,35,0,2148,54,352,22,2,1,1,25,1683.09,0
2004,0,0,36,0,2088,52,0,31,1,1,1,15,117.7,0
2008,2,0,36,0,13468,163,0,42,3,1,1,30,545.24,0
2016,0,0,35,0,570,8,0,9,2,1,2,25,26.01,0
2018,0,1,35,0,0,0,0,0,2,1,2,25,0.0,1
2020,2,0,35,0,11160,148,4,45,3,1,1,30,468.32,0
2021,3,0,35,0,6413,69,101,35,2,1,1,25,746.19,0
2022,18,0,31,0,650,41,9,15,2,1,2,25,71.595,1
2024,8,0,34,0,5513,92,19,22,2,1,1,25,337.725,1
2026,4,0,33,0,2685,35,2,14,2,1,2,25,131.4,1
2027,4,1,34,0,1963,38,27,29,3,1,2,30,188.04,1
2028,0,0,34,0,0,0,0,0,3,1,2,30,0.0,1
2031,0,1,34,0,323,1,2,2,4,1,2,45,13.1,1
2034,1,0,32,2,6660,110,264,31,2,2,1,25,1492.65,0
2036,0,0,33,0,1360,38,31,18,3,1,2,30,179.92,0
2038,0,0,25,0,1010,30,186,9,2,2,1,25,883.8,0
2044,0,0,16,0,1390,20,21,12,2,1,1,25,157.95,0
2045,11,0,15,0,6087,135,78,40,1,2,1,15,771.21,0
2047,3,0,14,2,2547,39,24,17,3,1,1,30,199.44,0
2049,0,0,7,0,1182,13,0,5,2,1,1,25,53.775,1
2050,3,0,36,0,4065,65,0,15,2,1,1,25,185.85,0
2051,0,0,37,0,0,0,0,0,2,1,2,25,0.0,0
2055,6,0,36,0,3470,76,25,26,2,1,1,25,272.07,0
2058,2,0,36,0,13468,163,0,42,3,1,1,30,545.24,0
2068,0,0,35,0,0,0,0,0,2,1,2,25,0.0,1
2072,18,1,31,0,650,41,9,15,2,1,2,25,71.595,1
2074,8,0,34,0,5513,92,19,22,2,1,1,25,337.725,1
2075,0,0,32,0,2535,16,0,12,3,1,1,30,102.04,0
2076,4,1,33,0,2685,35,2,14,2,1,2,25,131.4,1
2077,4,0,34,0,1963,38,27,29,3,1,2,30,188.04,1
2078,0,1,34,0,0,0,0,0,3,1,2,30,0.0,1
2081,0,0,34,0,323,1,2,2,4,1,2,45,13.1,1
2095,11,0,15,0,6087,135,78,40,1,2,1,15,771.21,0
2099,0,0,7,0,1182,13,0,5,2,1,1,25,53.775,1
2100,13,0,40,1,4675,77,12,19,3,1,1,30,238.08,0
2105,16,0,40,2,4080,88,39,30,3,1,1,30,322.72,0
2116,5,0,39,0,1180,20,7,13,2,1,2,25,85.5,0
2117,7,0,40,0,1015,20,20,10,3,1,2,30,121.4,0
2118,5,0,39,0,305,6,7,2,2,1,2,25,45.495,1
2122,28,0,35,0,1260,53,23,19,3,1,2,30,144.52,1
2126,14,1,37,0,3295,47,16,18,3,1,2,30,197.68,1
2127,14,1,38,0,2573,50,41,33,4,1,2,45,168.075,1
2128,5,0,38,0,438,8,7,4,3,1,2,30,45.84,1
2131,5,0,38,0,933,13,16,6,4,1,2,45,63.65,1
2142,15,0,27,1,1530,38,26,15,2,1,1,25,187.56,0
2144,7,0,20,1,2000,32,35,16,3,1,1,30,221.28,0
2145,21,0,19,2,6698,147,92,44,2,2,1,25,722.025,0
2147,13,0,18,4,3158,51,38,21,3,2,1,30,280.36,0
2149,8,1,11,2,1793,25,7,9,3,1,1,30,100.72,1
2162,33,0,42,5,15505,234,66,36,3,2,1,30,893.56,0
2164,17,0,41,2,15850,191,162,34,2,1,1,25,1450.845,0
2168,8,0,41,2,365,9,12,4,3,1,1,30,62.96,1
2170,15,0,41,3,11830,163,23,51,4,1,1,45,357.325,0
2171,16,0,41,3,7083,84,120,41,2,1,1,25,862.515,0
2172,31,1,37,2,1320,56,28,21,3,1,1,30,167.04,1
2176,17,1,39,2,3355,50,21,20,3,1,1,30,220.2,1
2177,17,0,40,2,2633,53,46,35,4,1,1,45,182.15,1
2178,8,0,40,2,498,11,12,6,3,1,1,30,68.36,1
2181,8,1,40,2,993,16,21,8,4,1,1,45,77.725,1
2193,10,0,29,2,3590,70,20,27,3,1,1,30,226.4,0
2195,24,0,21,3,6758,150,97,46,2,2,1,25,747.36,0
2199,11,1,13,3,1853,28,12,11,3,1,1,30,123.24,1
2205,13,0,38,1,4020,85,34,28,3,1,1,30,300.2,0
2209,9,0,38,1,4760,86,7,25,3,1,1,30,221.84,0
2210,8,0,38,1,6163,98,9,12,3,1,1,30,286.44,0
2214,11,0,37,1,15730,185,152,30,2,1,1,25,1400.175,0
2218,5,0,37,0,305,6,7,2,2,1,2,25,45.495,1
2222,25,1,33,0,1200,50,18,17,3,1,2,30,122.0,1
2224,15,0,36,1,6063,101,28,24,2,1,1,25,403.38,0
2226,11,0,35,0,3235,44,11,16,3,1,2,30,175.16,1
2227,11,1,36,0,2513,47,36,31,3,1,2,30,246.4,1
2228,5,0,36,0,305,6,7,2,3,1,2,30,40.44,1
2231,5,0,36,0,873,10,11,4,4,1,2,45,49.575,1
2238,6,0,27,1,1560,39,195,11,2,2,1,25,949.455,0
2248,5,0,9,1,4635,43,217,10,3,1,1,30,1055.12,0
2249,5,1,9,1,1733,22,7,7,3,1,1,30,98.2,1
2267,8,0,44,0,1095,22,30,14,3,1,2,30,164.68,0
2268,6,0,43,0,385,8,17,6,2,1,2,25,94.185,1
2272,29,1,39,0,1340,55,33,23,3,1,2,30,187.8,1
2275,7,0,40,2,3225,30,17,20,3,1,1,30,198.2,0
2276,15,1,41,0,3375,49,26,22,3,1,2,30,240.96,1
2277,15,1,42,0,2653,52,51,37,4,1,2,45,195.125,1
2278,6,0,42,0,518,10,17,8,3,1,2,30,89.12,1
2279,7,0,42,2,2053,33,17,12,4,1,1,45,94.65,0
2281,6,1,42,0,1013,15,26,10,4,1,2,45,90.7,1
2293,8,0,31,2,3610,69,25,29,3,1,1,30,247.16,0
2294,8,0,24,2,2080,34,45,20,3,1,1,30,264.56,0
2296,18,0,21,2,9318,179,90,46,5,1,1,55,277.455,0
2298,8,0,15,3,4775,48,232,16,3,1,1,30,1120.92,0
2299,9,1,15,3,1873,27,17,13,3,1,1,30,144.0,1
2300,12,0,36,1,4595,75,7,15,3,1,1,30,214.8,0
2305,15,0,36,1,4000,86,29,26,3,1,1,30,279.44,0
2309,11,0,36,1,4740,87,7,23,3,1,1,30,221.08,0
2311,13,0,36,0,2463,58,7,15,3,1,2,30,128.84,0
2314,13,0,35,1,15710,186,147,28,2,1,1,25,1376.82,0
2315,7,0,35,1,6725,90,183,24,3,1,1,30,1004.6,0
2317,6,0,36,0,935,18,10,6,3,1,2,30,78.12,0
2318,5,0,35,0,305,6,7,2,2,1,2,25,45.495,1
2322,27,1,31,0,1180,51,13,15,3,1,2,30,101.24,1
2326,13,1,33,0,3215,45,7,14,3,1,2,30,158.4,1
2327,13,1,34,0,2493,48,31,29,3,1,2,30,225.64,1
2328,5,0,34,0,305,6,7,2,3,1,2,30,40.44,1
2329,5,0,34,1,1893,29,7,4,4,1,1,45,65.55,0
2331,5,0,34,0,305,6,7,2,4,1,2,45,25.275,1
2336,7,0,33,0,1890,48,35,18,3,1,2,30,217.52,0
2339,8,0,24,1,1793,43,27,66,4,1,1,45,113.4,0
2349,7,1,7,1,1713,23,7,5,3,1,1,30,97.44,1
2359,17,0,46,3,5080,99,24,33,4,1,1,45,189.475,0
2361,19,0,46,0,2803,70,30,25,4,1,2,45,146.825,0
2368,10,0,45,0,565,16,22,8,3,1,2,30,111.24,1
2372,33,1,41,0,1520,63,38,25,3,1,2,30,215.32,1
2376,19,1,43,0,3555,57,31,24,3,1,2,30,268.48,1
2377,19,1,44,0,2833,60,56,39,4,1,2,45,212.325,1
2378,10,0,44,0,698,18,22,10,3,1,2,30,116.64,1
2379,11,0,44,2,2233,41,22,14,4,1,1,45,111.85,0
2380,13,0,41,3,7350,113,36,30,5,1,1,55,165.945,0
2381,10,1,44,0,1193,23,31,12,4,1,2,45,107.9,1
2396,22,0,23,2,9498,187,95,48,5,1,1,55,287.775,0
2399,13,0,17,3,2053,35,22,15,3,1,1,30,171.52,1
2406,5,0,34,1,2405,35,277,14,3,1,1,30,1205.6,0
2409,7,0,34,1,4560,79,7,21,3,1,1,30,213.56,0
2416,5,0,33,0,920,10,7,7,2,1,2,25,73.35,0
2418,5,0,33,0,305,6,7,2,2,1,2,25,45.495,1
2422,23,0,29,0,1000,43,8,13,2,1,2,25,82.935,1
2424,13,0,32,1,5863,94,18,20,2,1,1,25,349.065,1
2426,9,0,31,0,3035,37,7,12,3,1,2,30,150.88,1
2427,9,1,32,0,2313,40,26,27,3,1,2,30,198.12,1
2428,5,0,32,0,305,6,7,2,3,1,2,30,40.44,1
2431,5,0,32,0,305,6,7,2,4,1,2,45,25.275,1
2432,5,0,32,1,305,6,7,2,5,1,1,55,15.165,1
2437,6,0,32,1,2825,49,167,19,2,1,1,25,880.83,0
2439,5,0,22,1,1613,35,22,64,4,1,1,45,96.2,0
2441,5,0,22,0,305,6,13,2,4,1,2,45,40.275,0
2449,5,1,5,0,1533,15,7,3,3,1,1,30,89.92,1
2452,17,0,42,1,2938,74,377,31,3,1,1,30,1628.48,0
2453,17,0,43,1,4683,80,19,42,1,1,1,15,366.465,0
2464,16,0,42,1,15970,196,168,37,2,1,1,25,1483.47,0
2465,10,0,42,2,6985,100,204,33,3,1,1,30,1099.4,0
2466,7,0,42,0,1360,28,18,18,2,1,2,25,143.46,0
2468,7,0,42,0,485,14,18,7,2,1,2,25,103.455,1
2472,30,0,38,0,1440,61,34,24,3,1,2,30,196.04,1
2474,20,0,41,2,6303,112,44,31,2,1,1,25,486.675,0
2476,16,1,40,0,3475,55,27,23,3,1,2,30,249.2,1
2477,16,1,41,0,2753,58,52,38,4,1,2,45,200.275,1
2478,7,1,41,0,618,16,18,9,3,1,2,30,97.36,1
2481,7,0,41,0,1113,21,27,11,4,1,2,45,95.85,1
2484,13,0,39,4,7450,130,289,40,3,2,1,30,1459.2,0
2491,7,0,31,0,1310,24,39,10,4,1,2,45,130.85,0
2492,17,0,30,1,1710,46,37,20,2,1,1,25,245.52,0
2493,9,0,30,1,3710,75,26,30,3,1,1,30,255.4,0
2499,10,0,14,2,1973,33,18,14,3,1,1,30,152.24,1
2507,16,0,36,3,9240,119,140,40,3,1,1,30,934.36,0
2508,10,0,37,1,13898,167,7,41,3,1,1,30,590.6,0
2518,5,0,36,0,305,6,7,2,2,1,2,25,45.495,1
2519,6,0,36,1,7633,125,380,40,3,1,1,30,1830.32,0
2521,11,0,36,2,6843,73,104,34,2,1,1,25,779.22,0
2522,26,1,32,0,1080,45,12,14,3,1,2,30,93.0,1
2523,24,0,35,9,10560,91,7,39,5,1,1,55,170.265,0
2524,16,0,35,2,5943,96,22,21,2,1,1,25,370.755,1
2526,12,1,34,0,3115,39,7,13,3,1,2,30,154.16,1
2527,12,0,35,0,2393,42,30,28,4,1,2,45,135.875,1
2528,5,1,35,0,305,6,7,2,3,1,2,30,40.44,1
2531,5,0,35,0,305,6,7,2,4,1,2,45,25.275,1
2534,9,0,33,4,7090,114,267,30,3,2,1,30,1356.16,0
2536,6,0,34,0,1790,42,34,17,3,1,2,30,209.28,0
2541,5,0,25,0,305,6,17,2,4,1,2,45,50.275,0
2549,6,1,8,2,1613,17,7,4,3,1,1,30,93.2,1
2551,9,0,41,0,1223,21,35,21,3,1,2,30,189.76,0
2555,20,0,40,4,4680,98,60,45,3,1,1,30,431.12,0
2560,15,0,40,3,6823,111,35,29,3,1,1,30,417.36,0
2568,9,1,39,0,905,16,28,17,2,1,2,25,167.445,1
2572,32,1,35,0,1860,63,44,34,3,1,2,30,252.92,1
2576,18,1,37,0,3895,57,37,33,3,1,2,30,306.08,1
2577,18,0,38,0,3173,60,62,48,4,1,2,45,235.825,1
2578,9,0,38,0,1038,18,28,19,3,1,2,30,154.24,1
2581,9,0,38,0,1533,23,37,21,4,1,2,45,131.4,1
2584,15,0,36,6,7870,132,299,50,3,2,1,30,1516.08,0
2586,12,1,37,0,2570,60,66,37,4,1,2,45,230.75,1
2590,20,0,29,0,1605,41,38,24,3,1,2,30,217.84,0
2593,11,0,27,3,4130,77,36,40,3,1,1,30,312.28,0
2599,12,1,11,4,2393,35,28,24,3,1,1,30,209.12,1
2607,14,0,39,1,8820,117,130,30,3,1,1,30,877.48,0
2608,8,0,40,0,13478,165,7,31,3,1,1,30,573.72,0
2609,8,0,40,0,4220,79,7,12,3,1,1,30,199.96,0
2614,10,0,39,0,15190,178,136,17,2,1,1,25,1303.56,0
2618,5,0,39,0,305,6,7,2,2,1,2,25,45.495,1
2621,9,0,39,0,6423,71,94,24,2,1,1,25,715.23,0
2622,24,0,35,0,660,43,7,4,3,1,2,30,56.12,1
2624,14,0,38,0,5523,94,12,11,2,1,1,25,306.765,1
2626,10,0,37,0,2695,37,7,3,3,1,2,30,137.28,1
2627,10,0,38,0,1973,40,20,18,3,1,2,30,160.52,1
2628,5,1,38,0,305,6,7,2,3,1,2,30,40.44,1
2631,5,0,38,0,305,6,7,2,4,1,2,45,25.275,1
2632,5,0,38,0,305,6,7,2,5,1,1,55,15.165,0
2633,26,0,33,2,15780,234,7,67,2,1,1,25,752.13,0
2635,5,0,38,0,3423,78,7,15,3,1,1,30,168.04,0
2642,11,0,27,1,930,28,7,2,2,1,1,25,74.61,0
2649,5,1,11,1,1193,15,7,2,3,1,1,30,76.32,1
2654,8,0,41,2,2813,70,41,39,2,1,1,25,314.235,0
2655,16,0,41,3,4195,94,71,34,3,1,1,30,455.56,0
2667,7,0,41,0,1130,26,52,14,3,1,2,30,254.24,0
2668,5,0,40,0,420,12,39,6,3,1,2,30,173.28,1
2672,28,1,36,0,1375,59,55,23,3,1,2,30,277.36,1
2676,14,0,38,0,3410,53,48,22,3,1,2,30,330.52,1
2677,14,1,39,0,2688,56,73,37,4,1,2,45,251.1,1
2678,5,0,39,0,553,14,39,8,3,1,2,30,178.68,1
2680,8,0,36,3,7205,109,53,28,5,1,1,55,189.21,0
2681,5,0,39,0,1048,19,48,10,4,1,2,45,146.675,1
2696,17,0,18,2,9353,183,112,46,5,1,1,55,311.04,0
2698,7,0,12,3,4810,52,254,16,3,1,1,30,1210.48,0
2699,8,1,12,3,1908,31,39,13,3,1,1,30,233.56,1
2701,5,0,40,0,305,6,7,2,2,1,2,25,45.495,0
2703,15,0,39,0,4388,66,7,33,1,1,1,15,283.47,0
2712,30,0,39,3,15330,225,29,30,3,1,1,30,738.2,0
2718,5,0,38,0,305,6,7,2,2,1,2,25,45.495,1
2722,28,1,34,0,1145,47,7,15,2,1,2,25,85.14,1
2724,18,0,37,1,6008,98,7,22,2,1,1,25,306.27,1
2726,14,0,36,0,3180,41,7,14,3,1,2,30,156.84,1
2727,14,0,37,0,2458,44,9,29,3,1,2,30,136.08,1
2728,5,1,37,0,305,6,7,2,3,1,2,30,40.44,1
2731,5,0,37,0,818,7,7,2,4,1,2,45,38.125,1
2740,16,0,28,0,890,25,7,5,2,1,2,25,72.675,0
2743,7,0,26,0,3415,61,7,21,3,1,1,30,167.04,0
2745,21,0,18,1,6583,141,60,40,1,2,1,15,699.82,0
2749,8,0,10,1,1678,19,7,5,3,1,1,30,95.88,1
2754,10,0,40,1,2888,65,18,38,2,1,1,25,213.885,0
2768,7,0,39,0,495,7,16,5,2,1,2,25,94.59,1
2772,30,1,35,0,1450,54,32,22,3,1,2,30,188.16,1
2776,16,1,37,0,3485,48,25,21,3,1,2,30,241.32,1
2777,16,1,38,0,2763,51,50,36,4,1,2,45,195.35,1
2778,7,0,38,0,628,9,16,7,3,1,2,30,89.48,1
2781,7,0,38,0,1123,14,25,9,4,1,2,45,90.925,1
2782,7,0,38,2,833,11,20,7,5,1,1,55,42.66,0
2796,19,0,17,1,9427,178,89,45,5,1,1,55,277.575,0
2799,10,1,11,2,1982,26,16,12,3,1,1,30,144.32,1
2801,3,0,41,0,433,10,5,3,3,1,2,30,37.72,0
2808,10,0,40,1,13888,174,0,43,3,1,1,30,562.48,0
2809,10,0,40,2,4630,88,0,24,3,1,1,30,188.72,0
2815,6,0,39,2,6615,91,184,25,3,1,1,30,1004.24,0
2817,5,0,40,0,825,19,11,7,3,1,2,30,77.76,0
2818,0,0,39,0,0,0,0,0,2,1,2,25,0.0,1
2819,6,0,39,1,7623,132,382,42,3,1,1,30,1838.2,0
2822,26,1,35,0,1070,52,14,16,3,1,2,30,100.88,1
2826,12,0,37,0,3105,46,7,15,3,1,2,30,154.04,1
2827,12,0,38,0,2383,49,32,30,4,1,2,45,140.8,1
2828,3,0,38,0,248,7,0,1,3,1,2,30,10.2,1
2831,3,0,38,0,743,12,7,3,4,1,2,45,36.375,1
2849,6,1,11,2,1602,24,0,6,3,1,1,30,65.04,1
2853,13,0,35,0,4503,66,0,36,1,1,1,15,251.295,0
2854,6,0,35,0,2698,58,1,34,1,1,1,15,157.08,0
2855,14,0,35,1,4080,82,31,29,3,1,1,30,290.48,0
2857,16,0,34,2,9420,121,143,44,3,1,1,30,953.64,0
2861,12,0,35,0,2543,54,7,18,3,1,2,30,131.88,0
2865,6,0,34,1,6805,86,185,27,3,1,1,30,1015.64,0
2868,0,0,34,0,0,0,0,0,2,1,2,25,0.0,1
2872,26,1,30,0,1260,47,15,18,2,1,2,25,126.315,1
2873,24,0,33,8,10740,93,0,43,4,1,1,45,270.825,0
2874,16,0,33,1,6123,98,25,25,2,1,1,25,392.445,1
2876,12,1,32,0,3295,41,8,17,3,1,2,30,165.44,1
2877,12,0,33,0,2573,44,33,32,3,1,2,30,236.68,1
2878,3,0,33,0,438,2,0,3,3,1,2,30,17.6,1
2879,4,0,33,0,1973,25,0,7,3,1,1,30,79.92,0
2881,3,0,33,0,933,7,8,5,4,1,2,45,43.5,1
2886,6,0,32,0,1970,44,37,21,3,1,2,30,228.56,0
2892,13,0,22,0,1530,32,18,14,2,1,1,25,151.29,0
2895,19,0,14,1,6697,141,84,43,1,2,1,15,838.09,0
2899,6,0,6,1,1792,19,0,8,3,1,1,30,72.44,1
2909,14,0,45,3,4820,95,17,28,4,1,1,45,165.375,0
2912,32,0,45,5,15445,237,69,35,3,2,1,30,903.28,0
2916,7,0,44,0,1180,26,15,14,3,1,2,30,108.24,0
2918,7,0,44,0,305,12,15,3,3,1,2,30,72.68,1
2922,30,1,40,0,1260,59,31,20,3,1,2,30,176.76,1
2926,16,1,42,0,3295,53,24,19,3,1,2,30,229.92,1
2927,16,1,43,0,2573,56,49,34,4,1,2,45,188.225,1
2928,7,0,43,0,438,14,15,5,3,1,2,30,78.08,1
2931,7,0,43,0,933,19,24,7,4,1,2,45,83.8,1
2937,13,0,43,2,3085,65,190,26,3,1,1,30,886.0,0
2940,18,0,34,0,1005,37,25,10,3,1,2,30,141.68,0
2942,17,0,32,2,1530,44,34,16,2,1,1,25,223.83,0
2946,19,0,22,2,9237,183,88,43,5,1,1,55,273.3,0
2949,10,0,16,3,1792,31,15,10,3,1,1,30,132.92,1
2955,22,0,41,3,4790,99,47,30,3,1,1,30,383.56,0
2957,24,0,40,4,10130,138,159,45,3,1,1,30,1046.72,0
2962,36,0,41,5,16155,242,69,34,3,2,1,30,931.88,0
2963,15,0,41,3,4110,44,498,10,4,1,1,45,1348.85,0
2968,11,0,40,0,1015,17,15,2,3,1,2,30,101.28,1
2969,14,0,40,2,8523,144,399,45,3,1,1,30,1942.68,0
2972,34,1,36,0,1970,64,31,19,3,2,2,30,205.36,1
2973,32,0,39,10,11450,110,16,44,5,1,1,55,197.4,0
2976,20,1,38,0,4005,58,24,18,3,1,2,30,258.52,1
2977,20,1,39,0,3283,61,49,33,4,1,2,45,206.1,1
2978,11,0,39,0,1148,19,15,4,3,1,2,30,106.68,1
2981,11,0,39,0,1643,24,24,6,4,1,2,45,101.675,1
2983,36,0,34,5,17090,255,15,82,2,2,1,25,848.025,0
2985,13,0,39,2,4733,99,17,30,3,1,1,30,261.28,0
2990,22,1,30,0,1715,42,25,9,3,1,2,30,170.28,1
2993,13,0,28,2,4240,78,23,25,3,1,1,30,264.72,0
2999,14,1,12,3,2502,36,15,9,3,1,1,30,161.52,1
3003,9,0,39,0,3793,61,0,37,1,1,1,15,211.97,0
3005,10,0,39,1,3370,77,14,30,3,1,1,30,193.88,0
3018,0,0,38,0,0,0,0,0,2,1,2,25,0.0,1
3022,22,0,34,0,550,42,0,19,3,1,2,30,23.68,1
3024,12,0,37,1,5413,93,8,26,2,1,1,25,283.77,1
3026,8,1,36,0,2585,36,0,18,3,1,2,30,104.84,1
3027,8,0,37,0,1863,39,16,33,3,1,2,30,140.08,1
3028,0,0,37,0,0,0,0,0,3,1,2,30,0.0,1
3030,2,0,34,1,6380,92,0,24,5,1,1,55,97.08,0
3031,0,0,37,0,223,2,0,6,4,1,2,45,5.625,1
3041,0,0,27,0,420,5,3,5,4,1,2,45,18.125,0
3049,2,1,10,1,1082,14,0,9,3,1,1,30,43.84,1
3053,15,0,40,1,4503,72,8,37,1,1,1,15,295.625,0
3055,16,0,40,2,4080,88,39,30,3,1,1,30,322.72,0
3066,5,0,39,0,1180,20,7,13,2,1,2,25,85.5,0
3068,5,0,39,0,305,6,7,2,2,1,2,25,45.495,1
3072,28,1,35,0,1260,53,23,19,3,1,2,30,144.52,1
3074,18,0,38,2,6123,104,33,26,2,1,1,25,428.715,0
3076,14,1,37,0,3295,47,16,18,3,1,2,30,197.68,1
3077,14,0,38,0,2573,50,41,33,4,1,2,45,168.075,1
3078,5,0,38,0,438,8,7,4,3,1,2,30,45.84,1
3079,6,0,38,1,1973,31,7,8,4,1,1,45,67.6,0
3081,5,0,38,0,933,13,16,6,4,1,2,45,63.65,1
3086,8,0,37,0,1970,50,45,22,3,1,2,30,260.8,0
3094,7,0,20,1,2000,32,35,16,3,1,1,30,221.28,0
3095,21,0,19,2,6697,147,92,44,2,2,1,25,721.98,0
3099,8,1,11,2,1792,25,7,9,3,1,1,30,100.68,1
3106,9,0,40,1,2665,45,292,20,3,1,1,30,1276.4,0
3112,30,0,40,4,15445,231,61,34,3,2,1,30,871.04,0
3118,5,0,39,0,305,6,7,2,2,1,2,25,45.495,1
3120,12,0,39,2,11770,160,18,49,4,1,1,45,343.25,0
3121,13,0,39,2,7023,81,115,39,2,1,1,25,837.18,0
3122,28,1,35,0,1260,53,23,19,3,1,2,30,144.52,1
3126,14,1,37,0,3295,47,16,18,3,1,2,30,197.68,1
3127,14,1,38,0,2573,50,41,33,4,1,2,45,168.075,1
3128,5,0,38,0,438,8,7,4,3,1,2,30,45.84,1
3131,5,1,38,0,933,13,16,6,4,1,2,45,63.65,1
3132,5,0,38,2,643,10,11,4,5,1,1,55,26.295,0
3147,13,0,18,4,3157,51,38,21,3,1,1,30,280.32,0
3148,7,0,11,2,4695,46,222,12,3,1,1,30,1077.64,0
3149,8,1,11,2,1792,25,7,9,3,1,1,30,100.68,1
